"twitter","id","name","age","gender","party","type","state","days","tweets","followers","following"
NA,"A000368","Kelly Ayotte",46,"F","Republican","sen","NH",NA,NA,NA,NA
NA,"B001245","Madeleine Bordallo",81,"F","Democrat","rep","GU",NA,NA,NA,NA
NA,"C001037","Michael Capuano",62,"M","Democrat","rep","MA",NA,NA,NA,NA
NA,"C001049","Wm. Clay",57,"M","Democrat","rep","MO",NA,NA,NA,NA
NA,"C001075","Bill Cassidy",56,"M","Republican","rep","LA",NA,NA,NA,NA
NA,"D000604","Charles Dent",54,"M","Republican","rep","PA",NA,NA,NA,NA
NA,"F000457","Alan Franken",63,"M","Democrat","sen","MN",NA,NA,NA,NA
NA,"G000546","Sam Graves",50,"M","Republican","rep","MO",NA,NA,NA,NA
NA,"G000555","Kirsten Gillibrand",47,"F","Democrat","sen","NY",NA,NA,NA,NA
NA,"H001032","Rush Holt",65,"M","Democrat","rep","NJ",NA,NA,NA,NA
NA,"K000367","Amy Klobuchar",54,"F","Democrat","sen","MN",NA,NA,NA,NA
NA,"M000689","John Mica",71,"M","Republican","rep","FL",NA,NA,NA,NA
NA,"M001144","Jeff Miller",55,"M","Republican","rep","FL",NA,NA,NA,NA
NA,"P000265","Thomas Petri",74,"M","Republican","rep","WI",NA,NA,NA,NA
NA,"R000011","Nick Rahall",65,"M","Democrat","rep","WV",NA,NA,NA,NA
NA,"S001162","Allyson Schwartz",65,"F","Democrat","rep","PA",NA,NA,NA,NA
NA,"S001177","Gregorio Sablan",59,"M","Democrat","rep","MP",NA,NA,NA,NA
NA,"V000127","David Vitter",53,"M","Republican","sen","LA",NA,NA,NA,NA
NA,"W000795","Joe Wilson",66,"M","Republican","rep","SC",NA,NA,NA,NA
NA,"W000810","Rob Woodall",44,"M","Republican","rep","GA",NA,NA,NA,NA
"AnderCrenshaw","C001045","Ander Crenshaw",69,"M","Republican","rep","FL",1975,697,7780,198
"AskGeorge","M000725","George Miller",69,"M","Democrat","rep","CA",2553,2378,12163,656
"AustinScottGA08","S001189","Austin Scott",44,"M","Republican","rep","GA",1276,1270,6858,321
"BachusAL06","B000013","Spencer Bachus",66,"M","Republican","rep","AL",1740,497,8122,2
"BennieGThompson","T000193","Bennie Thompson",66,"M","Democrat","rep","MS",1725,306,4043,389
"BettyMcCollum04","M001143","Betty McCollum",60,"F","Democrat","rep","MN",851,2277,5075,760
"BillOwensNY","O000169","William Owens",65,"M","Democrat","rep","NY",1298,1891,4309,884
"BillPascrell","P000096","Bill Pascrell",77,"M","Democrat","rep","NJ",1754,752,3700,0
"BlumenauerMedia","B000574","Earl Blumenauer",65,"M","Democrat","rep","OR",1530,352,2657,251
"BobLatta","L000566","Robert Latta",58,"M","Republican","rep","OH",2185,4325,13808,5401
"BradSherman","S000344","Brad Sherman",59,"M","Democrat","rep","CA",1912,431,6396,97
"BruceBraley","B001259","Bruce Braley",56,"M","Democrat","rep","IA",1916,5307,16278,10998
"BuckMcKeon","M000508","Howard McKeon",75,"M","Republican","rep","CA",2116,1372,13019,5147
"CBRangel","R000053","Charles Rangel",84,"M","Democrat","rep","NY",1962,3545,19191,3880
"Call_Me_Dutch","R000576","C. Ruppersberger",68,"M","Democrat","rep","MD",1136,1371,4323,1082
"CandiceMiller","M001150","Candice Miller",60,"F","Republican","rep","MI",2196,517,8650,407
"CantwellPress","C000127","Maria Cantwell",55,"F","Democrat","sen","WA",1591,867,10124,0
"CathyMcMorris","M001159","Cathy McMorris Rodgers",45,"F","Republican","rep","WA",2035,3443,21429,5134
"ChakaFattah","F000043","Chaka Fattah",57,"M","Democrat","rep","PA",1844,8673,9646,1267
"ChelliePingree","P000597","Chellie Pingree",59,"F","Democrat","rep","ME",2224,1198,10499,339
"ChrisMurphyCT","M001169","Christopher Murphy",40,"M","Democrat","sen","CT",1496,4264,21723,114
"ChrisVanHollen","V000128","Chris Van Hollen",55,"M","Democrat","rep","MD",2028,953,19391,2351
"ChuckGrassley","G000386","Charles Grassley",80,"M","Republican","sen","IA",2413,3133,76947,14695
"ChuckSchumer","S000148","Charles Schumer",63,"M","Democrat","sen","NY",292,84,1542,0
"Clyburn","C000537","James Clyburn",74,"M","Democrat","rep","SC",1397,782,23591,1028
"ConawayTX11","C001062","K. Conaway",66,"M","Republican","rep","TX",1153,564,4022,1433
"CongBillPosey","P000599","Bill Posey",66,"M","Republican","rep","FL",1935,1094,8129,930
"CongCulberson","C001048","John Culberson",57,"M","Republican","rep","TX",1940,1002,6070,567
"CongHuelskamp","H001057","Tim Huelskamp",45,"M","Republican","rep","KS",1278,4221,10480,2142
"CongMikeSimpson","S001148","Michael Simpson",63,"M","Republican","rep","ID",1748,280,3119,64
"CongPalazzo","P000601","Steven Palazzo",44,"M","Republican","rep","MS",1146,1180,5512,1600
"CongressmanDan","B001271","Dan Benishek",62,"M","Republican","rep","MI",1257,287,8747,7604
"CongressmanGT","T000467","Glenn Thompson",54,"M","Republican","rep","PA",1998,3360,8973,391
"CongressmanRuiz","R000599","Raul Ruiz",41,"M","Democrat","rep","CA",537,148,1950,1
"CynthiaLummis","L000571","Cynthia Lummis",59,"F","Republican","rep","WY",1949,1196,9634,6177
"DarrellIssa","I000056","Darrell Issa",60,"M","Republican","rep","CA",1951,17587,160843,37878
"DaveLoebsack","L000565","David Loebsack",61,"M","Democrat","rep","IA",856,311,2119,519
"DaveReichert","R000578","David Reichert",63,"M","Republican","rep","WA",2132,1603,9084,3060
"DelegateDonna","C000380","Donna Christensen",68,"F","Democrat","rep","VI",1213,986,5315,242
"DesJarlaisTN04","D000616","Scott DesJarlais",50,"M","Republican","rep","TN",1275,2136,6470,1121
"DocHastings","H000329","Doc Hastings",73,"M","Republican","rep","WA",978,810,3582,651
"DorisMatsui","M001163","Doris Matsui",69,"F","Democrat","rep","CA",1886,1023,8659,6237
"DrPhilRoe","R000582","David Roe",69,"M","Republican","rep","TN",1831,1413,8117,204
"EFaleomavaega","F000010","Eni Faleomavaega",70,"M","Democrat","rep","AS",362,0,81,0
"EleanorNorton","N000147","Eleanor Norton",77,"F","Democrat","rep","DC",1943,1129,12525,161
"Farenthold","F000460","Blake Farenthold",52,"M","Republican","rep","TX",2038,3471,6627,863
"FrankPallone","P000034","Frank Pallone",62,"M","Democrat","rep","NJ",1906,5271,12806,520
"GKButterfield","B001251","George Butterfield",67,"M","Democrat","rep","NC",939,816,3704,302
"GOPLeader","C001046","Eric Cantor",51,"M","Republican","rep","VA",2000,7467,225381,8909
"GOPWhip","M001165","Kevin McCarthy",49,"M","Republican","rep","CA",1983,4667,50465,1204
"GerryConnolly","C001078","Gerald Connolly",64,"M","Democrat","rep","VA",1740,2819,6780,190
"GraceNapolitano","N000179","Grace Napolitano",77,"F","Democrat","rep","CA",1466,856,6730,223
"GrahamBlog","G000359","Lindsey Graham",59,"M","Republican","sen","SC",2237,3377,62428,2195
"GreggHarper","H001045","Gregg Harper",58,"M","Republican","rep","MS",1942,2049,10769,378
"GregoryMeeks","M001137","Gregory Meeks",60,"M","Democrat","rep","NY",1949,1275,8684,414
"HerreraBeutler","H001056","Jaime Herrera Beutler",35,"F","Republican","rep","WA",1257,184,5643,1111
"HowardCoble","C000556","Howard Coble",83,"M","Republican","rep","NC",1121,654,3865,461
"InhofePress","I000024","James Inhofe",79,"M","Republican","sen","OK",1971,4892,10319,1376
"JAHimes","H001047","James Himes",48,"M","Democrat","rep","CT",1906,4737,13545,650
"JackKingston","K000220","Jack Kingston",59,"M","Republican","rep","GA",1892,1593,11346,483
"JacksonLeeTX18","J000032","Sheila Jackson Lee",64,"F","Democrat","rep","TX",1732,1835,12350,1209
"JanSchakowsky","S001145","Janice Schakowsky",70,"F","Democrat","rep","IL",1940,1984,14465,817
"JaredPolis","P000598","Jared Polis",39,"M","Democrat","rep","CO",2187,3339,28316,2902
"JasonInTheHouse","C001076","Jason Chaffetz",47,"M","Republican","rep","UT",2041,4798,72359,21436
"JeffFlake","F000444","Jeff Flake",51,"M","Republican","sen","AZ",2135,914,23734,202
"JeffFortenberry","F000449","Jeff Fortenberry",53,"M","Republican","rep","NE",2003,1298,9427,2145
"JerryMoran","M000934","Jerry Moran",60,"M","Republican","sen","KS",2007,2611,16327,2725
"JimGerlach","G000549","Jim Gerlach",59,"M","Republican","rep","PA",1874,669,8095,201
"JimLangevin","L000559","James Langevin",50,"M","Democrat","rep","RI",2000,2166,8642,2138
"JimPressOffice","S000244","F. Sensenbrenner",71,"M","Republican","rep","WI",645,161,1502,240
"Jim_Jordan","J000289","Jim Jordan",50,"M","Republican","rep","OH",2027,829,17953,5170
"Jim_Moran","M000933","James Moran",69,"M","Democrat","rep","VA",1846,1561,10988,237
"JoaquinCastrotx","C001091","Joaquin Castro",39,"M","Democrat","rep","TX",1285,3206,20775,545
"JohnBoozman","B001236","John Boozman",63,"M","Republican","sen","AR",2626,1352,20094,482
"JohnCarneyde","C001083","John Carney",58,"M","Democrat","rep","DE",1269,1272,6724,1017
"JohnCornyn","C001056","John Cornyn",62,"M","Republican","sen","TX",2340,13335,58660,9065
"John_Dingell","D000355","John Dingell",88,"M","Democrat","rep","MI",1620,2545,11038,2184
"JudgeCarter","C001051","John Carter",72,"M","Republican","rep","TX",2033,3677,10309,3027
"JudgeTedPoe","P000592","Ted Poe",65,"M","Republican","rep","TX",1755,2203,11702,474
"JuliaBrownley26","B001285","Julia Brownley",61,"F","Democrat","rep","CA",487,431,1388,409
"KeithEllison","E000288","Keith Ellison",50,"M","Democrat","rep","MN",2306,8125,55026,2708
"KeithRothfus","R000598","Keith Rothfus",52,"M","Republican","rep","PA",514,2044,1983,478
"KenCalvert","C000059","Ken Calvert",61,"M","Republican","rep","CA",1951,2197,4625,228
"LEETERRYNE","T000459","Lee Terry",52,"M","Republican","rep","NE",2021,3538,8620,558
"LamarSmithTX21","S000583","Lamar Smith",66,"M","Republican","rep","TX",2151,843,12127,3531
"LisaMurkowski","M001153","Lisa Murkowski",57,"F","Republican","sen","AK",2032,2184,25133,347
"LorettaSanchez","S000030","Loretta Sanchez",54,"F","Democrat","rep","CA",1622,1729,14754,14629
"LouiseSlaughter","S000480","Louise Slaughter",84,"F","Democrat","rep","NY",1795,1484,9438,646
"LuisGutierrez","G000535","Luis Gutiérrez",60,"M","Democrat","rep","IL",1109,13,184,22
"MacTXPress","T000238","Mac Thornberry",56,"M","Republican","rep","TX",1018,299,2752,974
"MarioDB","D000600","Mario Diaz-Balart",52,"M","Republican","rep","FL",1890,1975,13781,152
"MarkAmodeiNV2","A000369","Mark Amodei",56,"M","Republican","rep","NV",977,723,4220,1691
"MarkUdall","U000038","Mark Udall",64,"M","Democrat","sen","CO",2520,3714,30854,217
"MarkWarner","W000805","Mark Warner",59,"M","Democrat","sen","VA",2550,3588,47978,11029
"MarkeyMemo","M000133","Edward Markey",68,"M","Democrat","sen","MA",1961,3516,21045,91
"MarshaBlackburn","B001243","Marsha Blackburn",62,"F","Republican","rep","TN",1186,2431,14872,2294
"MartinHeinrich","H001046","Martin Heinrich",42,"M","Democrat","sen","NM",534,759,4710,10
"MaxineWaters","W000187","Maxine Waters",75,"F","Democrat","rep","CA",1892,1170,22822,860
"MazieHirono","H001042","Mazie Hirono",66,"F","Democrat","sen","HI",1684,3280,11886,1176
"McCaskillOffice","M001170","Claire McCaskill",60,"F","Democrat","sen","MO",1816,2572,5545,1428
"McCaulPressShop","M001157","Michael McCaul",52,"M","Republican","rep","TX",1928,850,6901,196
"McConnellPress","M000355","Mitch McConnell",72,"M","Republican","sen","KY",1080,4962,36075,252
"MichaelCBurgess","B001248","Michael Burgess",63,"M","Republican","rep","TX",2159,3250,13198,1011
"MicheleBachmann","B001256","Michele Bachmann",58,"F","Republican","rep","MN",2025,2909,220657,2857
"MikeCrapo","C000880","Michael Crapo",63,"M","Republican","sen","ID",760,3841,9152,422
"MikeKellyPA","K000376","Mike Kelly",66,"M","Republican","rep","PA",604,704,4737,527
"Mike_Johanns","J000291","Mike Johanns",64,"M","Republican","sen","NE",1380,579,10369,139
"NancyPelosi","P000197","Nancy Pelosi",74,"F","Democrat","rep","CA",2158,2436,498608,343
"NikiInTheHouse","T000465","Niki Tsongas",68,"F","Democrat","rep","MA",1257,2705,6894,1005
"NitaLowey","L000480","Nita Lowey",77,"F","Democrat","rep","NY",1312,946,8193,811
"NydiaVelazquez","V000081","Nydia Velázquez",61,"F","Democrat","rep","NY",1458,183,5900,2988
"OlsonPressShop","O000168","Pete Olson",51,"M","Republican","rep","TX",1977,2965,4365,1492
"PatrickMcHenry","M001156","Patrick McHenry",38,"M","Republican","rep","NC",1923,2205,13777,3841
"PattyMurray","M001111","Patty Murray",63,"F","Democrat","sen","WA",1158,5351,26938,2111
"PedroPierluisi","P000596","Pedro Pierluisi",55,"M","Democrat","rep","PR",1898,6379,35393,10054
"PeteSessions","S000250","Pete Sessions",59,"M","Republican","rep","TX",1937,3140,13615,757
"PeterRoskam","R000580","Peter Roskam",52,"M","Republican","rep","IL",1977,3361,13848,4463
"PeterWelch","W000800","Peter Welch",67,"M","Democrat","rep","VT",424,543,2522,1446
"RalphHallPress","H000067","Ralph Hall",91,"M","Republican","rep","TX",514,387,1332,41
"RandyNeugebauer","N000182","Randy Neugebauer",64,"M","Republican","rep","TX",1900,3253,9675,2966
"Randy_Forbes","F000445","J. Forbes",62,"M","Republican","rep","VA",2208,3031,12879,4985
"Raul_Labrador","L000573","Raúl Labrador",46,"M","Republican","rep","ID",1249,946,8685,510
"RepAaronSchock","S001179","Aaron Schock",33,"M","Republican","rep","IL",NA,NA,NA,NA
"RepAdamSchiff","S001150","Adam Schiff",54,"M","Democrat","rep","CA",1915,1615,9770,745
"RepAdamSmith","S000510","Adam Smith",49,"M","Democrat","rep","WA",1810,1332,7920,1198
"RepAdrianSmith","S001172","Adrian Smith",43,"M","Republican","rep","NE",1152,1097,3018,175
"RepAlGreen","G000553","Al Green",66,"M","Democrat","rep","TX",1480,243,6645,65
"RepAlanNunnelee","N000186","Alan Nunnelee",55,"M","Republican","rep","MS",1263,1459,5744,534
"RepAndreCarson","C001072","André Carson",39,"M","Democrat","rep","IN",1368,1814,8961,831
"RepAndyBarr","B001282","Garland Barr",40,"M","Republican","rep","KY",537,1487,4349,1091
"RepAndyHarrisMD","H001052","Andy Harris",57,"M","Republican","rep","MD",592,1140,3255,381
"RepAnnWagner","W000812","Ann Wagner",51,"F","Republican","rep","MO",550,1204,6248,2831
"RepAnnaEshoo","E000215","Anna Eshoo",71,"F","Democrat","rep","CA",1243,929,7629,573
"RepAnnieKuster","K000382","Ann Kuster",57,"F","Democrat","rep","NH",548,908,5716,7741
"RepBarbaraLee","L000551","Barbara Lee",68,"F","Democrat","rep","CA",1244,2074,16999,627
"RepBeatty","B001281","Joyce Beatty",64,"F","Democrat","rep","OH",381,1093,1730,773
"RepBecerra","B000287","Xavier Becerra",56,"M","Democrat","rep","CA",1541,1260,15338,1808
"RepBenRayLujan","L000570","Ben Luján",42,"M","Democrat","rep","NM",1990,812,7102,155
"RepBera","B001287","Ami Bera",49,"M","Democrat","rep","CA",596,822,4632,82
"RepBetoORourke","O000170","Beto O'Rourke",41,"M","Democrat","rep","TX",521,1193,4731,716
"RepBillEnyart","E000292","William Enyart",64,"M","Democrat","rep","IL",544,239,2090,20
"RepBillFlores","F000461","Bill Flores",60,"M","Republican","rep","TX",1270,3229,8062,1605
"RepBillFoster","F000454","Bill Foster",58,"M","Democrat","rep","IL",540,847,2951,1267
"RepBillJohnson","J000292","Bill Johnson",59,"M","Republican","rep","OH",1340,2500,7491,677
"RepBillShuster","S001154","Bill Shuster",53,"M","Republican","rep","PA",1951,2160,10338,742
"RepBlainePress","L000569","Blaine Luetkemeyer",62,"M","Republican","rep","MO",299,460,895,145
"RepBobGibbs","G000563","Bob Gibbs",60,"M","Republican","rep","OH",1276,1578,7338,3252
"RepBobbyRush","R000515","Bobby Rush",67,"M","Democrat","rep","IL",1137,509,4261,146
"RepBobbyScott","S000185","Robert Scott",67,"M","Democrat","rep","VA",1465,989,7849,1337
"RepBonamici","B001278","Suzanne Bonamici",59,"F","Democrat","rep","OR",806,551,3595,822
"RepBoustany","B001255","Charles Boustany",58,"M","Republican","rep","LA",1243,300,4686,244
"RepBradWenstrup","W000815","Brad Wenstrup",56,"M","Republican","rep","OH",849,1979,2688,760
"RepBrady","B001227","Robert Brady",69,"M","Democrat","rep","PA",1501,495,6206,579
"RepBrianHiggins","H001038","Brian Higgins",54,"M","Democrat","rep","NY",1902,5595,11585,1723
"RepByrne","B001289","Bradley Byrne",59,"M","Republican","rep","AL",198,917,2038,1360
"RepCardenas","C001097","Tony Cárdenas",51,"M","Democrat","rep","CA",494,2282,2612,857
"RepCartwright","C001090","Matthew Cartwright",53,"M","Democrat","rep","PA",681,1629,2941,1175
"RepCheri","B001286","Cheri Bustos",52,"F","Democrat","rep","IL",536,649,4893,3591
"RepChrisCollins","C001092","Chris Collins",64,"M","Republican","rep","NY",548,1876,2479,100
"RepChrisGibson","G000564","Christopher Gibson",50,"M","Republican","rep","NY",1276,878,6234,201
"RepChrisSmith","S000522","Christopher Smith",61,"M","Republican","rep","NJ",470,195,2166,50
"RepChrisStewart","S001192","Chris Stewart",54,"M","Republican","rep","UT",543,684,2550,486
"RepChuck","F000459","Charles Fleischmann",51,"M","Republican","rep","TN",1275,1095,5584,620
"RepCicilline","C001084","David Cicilline",53,"M","Democrat","rep","RI",905,383,2037,1987
"RepCleaver","C001061","Emanuel Cleaver",69,"M","Democrat","rep","MO",1460,1507,10643,519
"RepCohen","C001068","Steve Cohen",65,"M","Democrat","rep","TN",1464,2429,10515,417
"RepCorrineBrown","B000911","Corrine Brown",67,"F","Democrat","rep","FL",1158,903,6095,241
"RepCoryGardner","G000562","Cory Gardner",39,"M","Republican","rep","CO",1275,1594,6911,636
"RepCuellar","C001063","Henry Cuellar",58,"M","Democrat","rep","TX",1342,2073,7835,1853
"RepCummings","C000984","Elijah Cummings",63,"M","Democrat","rep","MD",676,1182,7093,676
"RepDLamborn","L000564","Doug Lamborn",60,"M","Republican","rep","CO",778,1289,3372,630
"RepDWStweets","W000797","Debbie Wasserman Schultz",47,"F","Democrat","rep","FL",519,778,4404,1664
"RepDanKildee","K000380","Daniel Kildee",55,"M","Democrat","rep","MI",553,942,8669,6016
"RepDanMaffei","M001171","Daniel Maffei",46,"M","Democrat","rep","NY",548,537,2469,8
"RepDannyDavis","D000096","Danny Davis",72,"M","Democrat","rep","IL",675,164,830,235
"RepDaveCamp","C000071","Dave Camp",61,"M","Republican","rep","MI",1921,1728,16029,6312
"RepDaveJoyce","J000295","David Joyce",57,"M","Republican","rep","OH",584,1486,2880,2159
"RepDavid","S001183","David Schweikert",52,"M","Republican","rep","AZ",1292,2943,9725,1897
"RepDavidEPrice","P000523","David Price",73,"M","Democrat","rep","NC",1482,1723,6497,2378
"RepDavidScott","S001157","David Scott",69,"M","Democrat","rep","GA",1446,1479,6326,784
"RepDavidValadao","V000129","David Valadao",37,"M","Republican","rep","CA",523,347,2133,193
"RepDeSantis","D000621","Ron DeSantis",35,"M","Republican","rep","FL",548,1239,5027,1440
"RepDelBene","D000617","Suzan DelBene",52,"F","Democrat","rep","WA",575,998,3618,310
"RepDennisRoss","R000593","Dennis Ross",54,"M","Republican","rep","FL",1902,11236,7779,1224
"RepDennyHeck","H001064","Denny Heck",61,"M","Democrat","rep","WA",544,944,2097,422
"RepDerekKilmer","K000381","Derek Kilmer",40,"M","Democrat","rep","WA",548,412,3080,48
"RepDianaDeGette","D000197","Diana DeGette",56,"F","Democrat","rep","CO",1919,1043,11372,11114
"RepDianeBlack","B001273","Diane Black",63,"F","Republican","rep","TN",1615,2602,9481,1380
"RepDinaTitus","T000468","Dina Titus",64,"F","Democrat","rep","NV",1577,1897,4898,1210
"RepDonYoung","Y000033","Don Young",81,"M","Republican","rep","AK",1891,735,7610,372
"RepDonaldPayne","P000604","Donald Payne",55,"M","Democrat","rep","NJ",514,916,1767,514
"RepDonnaEdwards","E000290","Donna Edwards",56,"F","Democrat","rep","MD",1724,2596,14710,235
"RepDougCollins","C001093","Doug Collins",47,"M","Republican","rep","GA",547,1139,3069,589
"RepDuckworth","D000622","Tammy Duckworth",46,"F","Democrat","rep","IL",548,798,6740,2301
"RepEBJ","J000126","Eddie Johnson",78,"F","Democrat","rep","TX",1447,5134,9274,854
"RepEdRoyce","R000487","Edward Royce",62,"M","Republican","rep","CA",1248,1161,8292,348
"RepEdWhitfield","W000413","Ed Whitfield",71,"M","Republican","rep","KY",1276,327,3715,199
"RepEliotEngel","E000179","Eliot Engel",67,"M","Democrat","rep","NY",1459,791,6278,609
"RepErikPaulsen","P000594","Erik Paulsen",49,"M","Republican","rep","MN",2053,2800,11219,2188
"RepEsty","E000293","Elizabeth Esty",54,"F","Democrat","rep","CT",547,1124,3841,713
"RepFilemonVela","V000132","Filemon Vela",51,"M","Democrat","rep","TX",539,216,2027,128
"RepFincherTN08","F000458","Stephen Fincher",41,"M","Republican","rep","TN",1243,2534,6522,1121
"RepFitzpatrick","F000451","Michael Fitzpatrick",51,"M","Republican","rep","PA",1268,3362,6927,940
"RepFleming","F000456","John Fleming",63,"M","Republican","rep","LA",1716,1159,8870,230
"RepFrankLucas","L000491","Frank Lucas",54,"M","Republican","rep","OK",1257,340,2245,59
"RepFredUpton","U000031","Fred Upton",61,"M","Republican","rep","MI",1570,1931,11055,3697
"RepGaramendi","G000559","John Garamendi",69,"M","Democrat","rep","CA",1698,7881,9914,8025
"RepGarrett","G000548","Scott Garrett",55,"M","Republican","rep","NJ",592,511,3128,191
"RepGaryMiller","M001139","Gary Miller",65,"M","Republican","rep","CA",1482,290,4807,71
"RepGaryPeters","P000595","Gary Peters",55,"M","Democrat","rep","MI",1272,1309,6140,311
"RepGeneGreen","G000410","Gene Green",66,"M","Democrat","rep","TX",1611,324,5702,226
"RepGoodlatte","G000289","Bob Goodlatte",61,"M","Republican","rep","VA",1887,2497,12242,213
"RepGosar","G000565","Paul Gosar",55,"M","Republican","rep","AZ",1262,4489,10963,2988
"RepGraceMeng","M001188","Grace Meng",38,"F","Democrat","rep","NY",551,1451,4079,545
"RepGregWalden","W000791","Greg Walden",57,"M","Republican","rep","OR",1906,1095,10338,168
"RepGusBilirakis","B001257","Gus Bilirakis",51,"M","Republican","rep","FL",1930,2624,10545,1187
"RepGuthrie","G000558","Brett Guthrie",50,"M","Republican","rep","KY",282,282,654,335
"RepGwenMoore","M001160","Gwen Moore",63,"F","Democrat","rep","WI",1950,3218,10594,485
"RepHalRogers","R000395","Harold Rogers",76,"M","Republican","rep","KY",816,1442,3731,421
"RepHanabusa","H001050","Colleen Hanabusa",63,"F","Democrat","rep","HI",1274,1017,5979,813
"RepHankJohnson","J000288","Henry Johnson",59,"M","Democrat","rep","GA",1937,1588,9983,359
"RepHartzler","H001053","Vicky Hartzler",53,"F","Republican","rep","MO",1269,2614,7084,683
"RepHastingsFL","H000324","Alcee Hastings",77,"M","Democrat","rep","FL",88,44,208,31
"RepHensarling","H001036","Jeb Hensarling",57,"M","Republican","rep","TX",2010,564,11304,791
"RepHolding","H001065","George Holding",46,"M","Republican","rep","NC",548,346,3031,264
"RepHorsford","H001066","Steven Horsford",41,"M","Democrat","rep","NV",996,1349,5408,1230
"RepHuffman","H001068","Jared Huffman",50,"M","Democrat","rep","CA",543,895,3303,600
"RepHuizenga","H001058","Bill Huizenga",45,"M","Republican","rep","MI",1278,4046,7941,3469
"RepHultgren","H001059","Randy Hultgren",48,"M","Republican","rep","IL",1269,1976,6814,1745
"RepJBridenstine","B001283","Jim Bridenstine",39,"M","Republican","rep","OK",536,898,13207,2559
"RepJasonSmith","S001195","Jason Smith",34,"M","Republican","rep","MO",344,1216,2112,1085
"RepJeffDenham","D000612","Jeff Denham",46,"M","Republican","rep","CA",1244,1590,7646,1363
"RepJeffDuncan","D000615","Jeff Duncan",48,"M","Republican","rep","SC",1263,2644,18448,7031
"RepJeffries","J000294","Hakeem Jeffries",43,"M","Democrat","rep","NY",899,563,4185,607
"RepJerryNadler","N000002","Jerrold Nadler",67,"M","Democrat","rep","NY",1877,921,6822,921
"RepJimCooper","C000754","Jim Cooper",60,"M","Democrat","rep","TN",1951,669,5923,325
"RepJimCosta","C001059","Jim Costa",62,"M","Democrat","rep","CA",1251,725,2627,431
"RepJimMatheson","M001142","Jim Matheson",54,"M","Democrat","rep","UT",1851,1160,8315,83
"RepJimMcDermott","M000404","Jim McDermott",77,"M","Democrat","rep","WA",1545,1621,10544,1077
"RepJimRenacci","R000586","James Renacci",55,"M","Republican","rep","OH",1271,1882,7375,600
"RepJoeBarton","B000213","Joe Barton",64,"M","Republican","rep","TX",1979,1102,13669,84
"RepJoeCourtney","C001069","Joe Courtney",61,"M","Democrat","rep","CT",1713,2985,8463,1754
"RepJoeCrowley","C001038","Joseph Crowley",52,"M","Democrat","rep","NY",1611,1170,6798,350
"RepJoeGarcia","G000573","Joe Garcia",50,"M","Democrat","rep","FL",603,1512,1980,608
"RepJoeHeck","H001055","Joseph Heck",52,"M","Republican","rep","NV",1311,2403,6885,83
"RepJoeKennedy","K000379","Joseph Kennedy",33,"M","Democrat","rep","MA",549,1170,11248,130
"RepJoePitts","P000373","Joseph Pitts",74,"M","Republican","rep","PA",1370,810,5649,58
"RepJohnBarrow","B001252","John Barrow",58,"M","Democrat","rep","GA",1949,856,7675,403
"RepJohnCampbell","C001064","John Campbell",59,"M","Republican","rep","CA",1244,633,6064,369
"RepJohnConyers","C000714","John Conyers",85,"M","Democrat","rep","MI",1527,1096,13069,593
"RepJohnDelaney","D000620","John Delaney",51,"M","Democrat","rep","MD",603,1838,2882,613
"RepJohnDuncanJr","D000533","John Duncan",67,"M","Republican","rep","TN",289,193,793,178
"RepJohnKline","K000363","John Kline",66,"M","Republican","rep","MN",1747,2310,6674,188
"RepJohnLarson","L000557","John Larson",65,"M","Democrat","rep","CT",1837,1141,8635,333
"RepJohnLewis","L000287","John Lewis",74,"M","Democrat","rep","GA",1915,1000,35870,174
"RepJohnSarbanes","S001168","John Sarbanes",52,"M","Democrat","rep","MD",1041,414,3900,387
"RepJohnYarmuth","Y000062","John Yarmuth",66,"M","Democrat","rep","KY",1005,1295,7482,219
"RepJonRunyan","R000594","Jon Runyan",40,"M","Republican","rep","NJ",1130,748,5486,584
"RepJoseSerrano","S000248","José Serrano",70,"M","Democrat","rep","NY",1902,1846,10392,559
"RepJuanVargas","V000130","Juan Vargas",53,"M","Democrat","rep","CA",481,299,2144,51
"RepJudyChu","C001080","Judy Chu",61,"F","Democrat","rep","CA",1382,1370,9369,823
"RepJustinAmash","A000367","Justin Amash",34,"M","Republican","rep","MI",1278,6738,48924,2675
"RepKClark","C001101","Katherine Clark",51,"F","Democrat","rep","MA",171,368,1442,876
"RepKarenBass","B001270","Karen Bass",60,"F","Democrat","rep","CA",1264,1701,19878,15393
"RepKayGranger","G000377","Kay Granger",71,"F","Republican","rep","TX",1465,1119,7600,1070
"RepKenMarchant","M001158","Kenny Marchant",63,"M","Republican","rep","TX",1941,4529,11603,2227
"RepKerryB","B001280","Kerry Bentivolio",62,"M","Republican","rep","MI",589,950,3133,1404
"RepKevinBrady","B000755","Kevin Brady",59,"M","Republican","rep","TX",1979,6270,12445,340
"RepKevinCramer","C001096","Kevin Cramer",53,"M","Republican","rep","ND",552,690,2901,616
"RepKevinYoder","Y000063","Kevin Yoder",38,"M","Republican","rep","KS",1235,3435,7201,1354
"RepKinzinger","K000378","Adam Kinzinger",36,"M","Republican","rep","IL",1319,1939,11128,924
"RepKirkpatrick","K000368","Ann Kirkpatrick",64,"F","Democrat","rep","AZ",537,898,4014,1040
"RepKristiNoem","N000184","Kristi Noem",42,"F","Republican","rep","SD",1275,1658,13234,339
"RepLaMalfa","L000578","Doug LaMalfa",54,"M","Republican","rep","CA",544,183,1634,770
"RepLanceNJ7","L000567","Leonard Lance",62,"M","Republican","rep","NJ",745,591,2316,218
"RepLankford","L000575","James Lankford",46,"M","Republican","rep","OK",1301,2168,10730,441
"RepLarryBucshon","B001275","Larry Bucshon",52,"M","Republican","rep","IN",1276,2838,7074,1108
"RepLindaSanchez","S001156","Linda Sánchez",45,"F","Democrat","rep","CA",1125,1377,5799,1012
"RepLipinski","L000563","Daniel Lipinski",48,"M","Democrat","rep","IL",569,446,1785,510
"RepLloydDoggett","D000399","Lloyd Doggett",67,"M","Democrat","rep","TX",1487,1445,9334,280
"RepLoBiondo","L000554","Frank LoBiondo",68,"M","Republican","rep","NJ",1261,1883,5449,195
"RepLoisCapps","C001036","Lois Capps",76,"F","Democrat","rep","CA",1158,1527,6346,825
"RepLoisFrankel","F000462","Lois Frankel",66,"F","Democrat","rep","FL",541,725,3178,354
"RepLouBarletta","B001269","Lou Barletta",58,"M","Republican","rep","PA",1264,1037,7267,1656
"RepLouieGohmert","G000552","Louie Gohmert",60,"M","Republican","rep","TX",1955,2632,29915,358
"RepLowenthal","L000579","Alan Lowenthal",73,"M","Democrat","rep","CA",549,909,3456,2164
"RepLujanGrisham","L000580","Michelle Lujan Grisham",54,"F","Democrat","rep","NM",547,986,3631,411
"RepLukeMesser","M001189","Luke Messer",45,"M","Republican","rep","IN",553,672,3348,621
"RepLynnJenkins","J000290","Lynn Jenkins",51,"F","Republican","rep","KS",1984,3930,13007,4616
"RepMGriffith","G000568","H. Griffith",56,"M","Republican","rep","VA",1278,708,6655,400
"RepMaloney","M000087","Carolyn Maloney",68,"F","Democrat","rep","NY",1223,948,7789,3304
"RepMarciaFudge","F000455","Marcia Fudge",61,"F","Democrat","rep","OH",1488,1761,11124,1146
"RepMarcyKaptur","K000009","Marcy Kaptur",68,"F","Democrat","rep","OH",781,418,2867,193
"RepMarkMeadows","M001187","Mark Meadows",54,"M","Republican","rep","NC",590,1171,4483,1571
"RepMarkPocan","P000607","Mark Pocan",49,"M","Democrat","rep","WI",499,1459,3565,695
"RepMarkTakano","T000472","Mark Takano",53,"M","Democrat","rep","CA",556,790,6133,1998
"RepMarthaRoby","R000591","Martha Roby",37,"F","Republican","rep","AL",1305,4421,11412,2064
"RepMattSalmon","S000018","Matt Salmon",56,"M","Republican","rep","AZ",542,1441,4825,2536
"RepMcAllister","M001192","Vance McAllister",40,"M","Republican","rep","LA",205,78,621,178
"RepMcCarthyNY","M000309","Carolyn McCarthy",70,"F","Democrat","rep","NY",1495,186,4922,57
"RepMcClintock","M001177","Tom McClintock",58,"M","Republican","rep","CA",1837,203,7986,0
"RepMcGovern","M000312","James McGovern",54,"M","Democrat","rep","MA",1258,2121,11023,486
"RepMcKinley","M001180","David McKinley",67,"M","Republican","rep","WV",1263,1932,6389,204
"RepMcLeod","N000187","Gloria Negrete McLeod",72,"F","Democrat","rep","CA",561,261,2368,226
"RepMcNerney","M001166","Jerry McNerney",63,"M","Democrat","rep","CA",1004,646,3891,386
"RepMeehan","M001181","Patrick Meehan",58,"M","Republican","rep","PA",1244,1801,6679,910
"RepMichaelGrimm","G000569","Michael Grimm",44,"M","Republican","rep","NY",1275,333,7485,100
"RepMickMulvaney","M001182","Mick Mulvaney",46,"M","Republican","rep","SC",1263,972,7924,5853
"RepMikeCoffman","C001077","Mike Coffman",59,"M","Republican","rep","CO",1989,1620,13000,1320
"RepMikeHonda","H001034","Michael Honda",73,"M","Democrat","rep","CA",2101,1279,13876,322
"RepMikeMcIntyre","M000485","Mike McIntyre",57,"M","Democrat","rep","NC",1324,1441,5136,146
"RepMikeMichaud","M001149","Michael Michaud",59,"M","Democrat","rep","ME",1979,550,8743,10
"RepMikePompeo","P000602","Mike Pompeo",50,"M","Republican","rep","KS",1254,2061,6558,1348
"RepMikeQuigley","Q000023","Mike Quigley",55,"M","Democrat","rep","IL",1816,3969,9675,1600
"RepMikeRogers","R000572","Mike Rogers",51,"M","Republican","rep","MI",1479,1185,7894,444
"RepMikeRogersAL","R000575","Mike Rogers",56,"M","Republican","rep","AL",1901,1866,10647,2846
"RepMikeTurner","T000463","Michael Turner",54,"M","Republican","rep","OH",1835,1417,5517,649
"RepMoBrooks","B001274","Mo Brooks",60,"M","Republican","rep","AL",1270,442,7139,1965
"RepMullin","M001190","Markwayne Mullin",36,"M","Republican","rep","OK",547,911,3798,1038
"RepMurphyFL","M001191","Patrick Murphy",31,"M","Democrat","rep","FL",523,880,3121,239
"RepPaulBrounMD","B001262","Paul Broun",68,"M","Republican","rep","GA",2003,1417,13420,2819
"RepPaulCook","C001094","Paul Cook",71,"M","Republican","rep","CA",542,452,2347,929
"RepPaulRyan","R000570","Paul Ryan",44,"M","Republican","rep","WI",2000,1287,383518,1
"RepPaulTonko","T000469","Paul Tonko",65,"M","Democrat","rep","NY",1718,3708,8065,1058
"RepPerlmutter","P000593","Ed Perlmutter",61,"M","Democrat","rep","CO",1971,976,9584,242
"RepPeteGallego","G000572","Pete Gallego",52,"M","Democrat","rep","TX",542,2119,3676,752
"RepPeteKing","K000210","Peter King",70,"M","Republican","rep","NY",2022,1817,17984,95
"RepPeterDeFazio","D000191","Peter DeFazio",67,"M","Democrat","rep","OR",1237,471,7941,739
"RepPhilGingrey","G000550","Phil Gingrey",72,"M","Republican","rep","GA",1905,1800,13770,1088
"RepPittenger","P000606","Robert Pittenger",65,"M","Republican","rep","NC",597,2312,2999,1183
"RepRWilliams","W000816","Roger Williams",64,"M","Republican","rep","TX",541,748,1735,429
"RepReneeEllmers","E000291","Renee Ellmers",50,"F","Republican","rep","NC",1334,4399,11621,3130
"RepRibble","R000587","Reid Ribble",58,"M","Republican","rep","WI",1278,671,6658,550
"RepRichHudson","H001067","Richard Hudson",42,"M","Republican","rep","NC",604,1620,3865,1065
"RepRichNugent","N000185","Richard Nugent",63,"M","Republican","rep","FL",1272,64,2617,172
"RepRichardHanna","H001051","Richard Hanna",63,"M","Republican","rep","NY",1271,2372,7274,414
"RepRichardNeal","N000015","Richard Neal",65,"M","Democrat","rep","MA",927,528,3023,15
"RepRichmond","R000588","Cedric Richmond",40,"M","Democrat","rep","LA",1206,1225,6086,860
"RepRickCrawford","C001087","Eric Crawford",48,"M","Republican","rep","AR",1279,1874,7360,1158
"RepRickLarsen","L000560","Rick Larsen",49,"M","Democrat","rep","WA",975,2319,3695,1199
"RepRobBishop","B001250","Rob Bishop",63,"M","Republican","rep","UT",1502,0,1090,95
"RepRobertHurt","H001060","Robert Hurt",45,"M","Republican","rep","VA",1276,1652,6713,527
"RepRobinKelly","K000385","Robin Kelly",58,"F","Democrat","rep","IL",452,553,1176,278
"RepRonBarber","B001279","Ron Barber",68,"M","Democrat","rep","AZ",746,1634,3578,233
"RepRonKind","K000188","Ron Kind",51,"M","Democrat","rep","WI",1607,777,6194,561
"RepRoybalAllard","R000486","Lucille Roybal-Allard",73,"F","Democrat","rep","CA",886,736,2747,433
"RepSamFarr","F000030","Sam Farr",73,"M","Democrat","rep","CA",1474,957,7275,687
"RepSandyLevin","L000263","Sander Levin",82,"M","Democrat","rep","MI",1931,1295,15414,13514
"RepSanfordSC","S000051","Marshall Sanford",54,"M","Republican","rep","SC",389,109,1319,220
"RepSchneider","S001190","Bradley Schneider",52,"M","Democrat","rep","IL",543,922,3056,664
"RepSchrader","S001180","Kurt Schrader",62,"M","Democrat","rep","OR",1971,1040,8513,662
"RepScottPerry","P000605","Scott Perry",52,"M","Republican","rep","PA",2004,1178,4071,1927
"RepScottPeters","P000608","Scott Peters",56,"M","Democrat","rep","CA",521,2610,3164,688
"RepScottRigell","R000589","Edward Rigell",54,"M","Republican","rep","VA",1312,3079,8070,2544
"RepSeanDuffy","D000614","Sean Duffy",42,"M","Republican","rep","WI",1278,1864,12589,2586
"RepSeanMaloney","M001185","Sean Maloney",47,"M","Democrat","rep","NY",542,1100,3078,331
"RepSheaPorter","S001170","Carol Shea-Porter",61,"F","Democrat","rep","NH",1563,533,3005,450
"RepShelley","C001047","Shelley Capito",60,"F","Republican","rep","WV",1382,1167,9306,916
"RepShimkus","S000364","John Shimkus",56,"M","Republican","rep","IL",2171,6660,11497,845
"RepSinema","S001191","Kyrsten Sinema",38,"F","Democrat","rep","AZ",540,3245,6898,705
"RepSpeier","S001175","Jackie Speier",64,"F","Democrat","rep","CA",1936,1881,12823,1002
"RepStephenLynch","L000562","Stephen Lynch",59,"M","Democrat","rep","MA",1128,645,4069,186
"RepSteveChabot","C000266","Steve Chabot",61,"M","Republican","rep","OH",1269,1222,8734,5772
"RepSteveIsrael","I000057","Steve Israel",56,"M","Democrat","rep","NY",1978,2134,13455,278
"RepStevePearce","P000588","Stevan Pearce",66,"M","Republican","rep","NM",1275,2347,6076,684
"RepSteveStivers","S001187","Steve Stivers",49,"M","Republican","rep","OH",1340,1466,7559,896
"RepStutzman","S001188","Marlin Stutzman",37,"M","Republican","rep","IN",1339,839,5108,221
"RepSusanDavis","D000598","Susan Davis",70,"F","Democrat","rep","CA",939,625,2160,64
"RepSwalwell","S001193","Eric Swalwell",33,"M","Democrat","rep","CA",601,2594,5547,2335
"RepTedDeutch","D000610","Theodore Deutch",48,"M","Democrat","rep","FL",1530,1512,8711,1298
"RepTedYoho","Y000065","Ted Yoho",59,"M","Republican","rep","FL",543,324,3031,328
"RepTerriSewell","S001185","Terri Sewell",49,"F","Democrat","rep","AL",1012,1200,6372,829
"RepThomasMassie","M001184","Thomas Massie",43,"M","Republican","rep","KY",584,1380,10205,529
"RepThompson","T000460","Mike Thompson",63,"M","Democrat","rep","CA",1139,665,2912,277
"RepTierney","T000266","John Tierney",62,"M","Democrat","rep","MA",1006,818,4913,223
"RepTimGriffin","G000567","Tim Griffin",45,"M","Republican","rep","AR",1363,6489,11310,3977
"RepTimMurphy","M001151","Tim Murphy",61,"M","Republican","rep","PA",1590,1404,6675,449
"RepTimRyan","R000577","Tim Ryan",40,"M","Democrat","rep","OH",2333,1699,18687,1329
"RepTimWalz","W000799","Timothy Walz",50,"M","Democrat","rep","MN",480,441,1675,740
"RepTipton","T000470","Scott Tipton",57,"M","Republican","rep","CO",1257,993,6458,1120
"RepToddYoung","Y000064","Todd Young",41,"M","Republican","rep","IN",1278,2035,7090,422
"RepTomCotton","C001095","Tom Cotton",37,"M","Republican","rep","AR",588,1409,5948,322
"RepTomGraves","G000560","Tom Graves",44,"M","Republican","rep","GA",1391,2173,9403,2781
"RepTomMarino","M001179","Tom Marino",61,"M","Republican","rep","PA",1263,1539,6856,749
"RepTomPrice","P000591","Tom Price",59,"M","Republican","rep","GA",2588,4272,22900,3100
"RepTomReed","R000585","Tom Reed",42,"M","Republican","rep","NY",1235,602,5677,125
"RepTomRice","R000597","Tom Rice",56,"M","Republican","rep","SC",548,350,3031,300
"RepTrentFranks","F000448","Trent Franks",57,"M","Republican","rep","AZ",1937,980,13322,1207
"RepVeasey","V000131","Marc Veasey",43,"M","Democrat","rep","TX",542,780,3352,2264
"RepVisclosky","V000108","Peter Visclosky",64,"M","Democrat","rep","IN",1382,1207,3985,856
"RepWOLFPress","W000672","Frank Wolf",75,"M","Republican","rep","VA",1270,321,4999,379
"RepWalberg","W000798","Tim Walberg",63,"M","Republican","rep","MI",1269,1405,6874,374
"RepWalorski","W000813","Jackie Walorski",50,"F","Republican","rep","IN",545,1532,3268,686
"RepWalterJones","J000255","Walter Jones",71,"M","Republican","rep","NC",1927,1083,10819,133
"RepWebster","W000806","Daniel Webster",65,"M","Republican","rep","FL",1179,1703,4686,326
"RepWestmoreland","W000796","Lynn Westmoreland",64,"M","Republican","rep","GA",1531,1897,7170,490
"RepWilson","W000808","Frederica Wilson",71,"F","Democrat","rep","FL",1278,2120,7644,1447
"RepZoeLofgren","L000397","Zoe Lofgren",66,"F","Democrat","rep","CA",1206,843,5115,44
"Rep_Albio_Sires","S001165","Albio Sires",63,"M","Democrat","rep","NJ",233,1,17,6
"Rep_DevinNunes","N000181","Devin Nunes",40,"M","Republican","rep","CA",1072,2,428,0
"Rep_Hunter","H001048","Duncan Hunter",37,"M","Republican","rep","CA",466,211,2689,236
"Rep_JaniceHahn","H001063","Janice Hahn",62,"F","Democrat","rep","CA",1080,1645,5401,878
"Rep_Southerland","S001186","Steve Southerland",48,"M","Republican","rep","FL",1269,624,7889,611
"Rep_SteveWomack","W000809","Steve Womack",57,"M","Republican","rep","AR",1277,2399,7583,1070
"RepraulGrijalva","G000551","Raúl Grijalva",66,"M","Democrat","rep","AZ",1919,1717,12031,271
"RobPortman","P000449","Robert Portman",58,"M","Republican","sen","OH",2000,3544,39223,1631
"RobWittman","W000804","Robert Wittman",55,"M","Republican","rep","VA",2188,4199,13738,7145
"Robert_Aderholt","A000055","Robert Aderholt",48,"M","Republican","rep","AL",1747,919,7513,65
"RodneyDavis","D000619","Rodney Davis",44,"M","Republican","rep","IL",576,1541,3616,516
"RonWyden","W000779","Ron Wyden",65,"M","Democrat","sen","OR",1241,1399,30035,291
"RosLehtinen","R000435","Ileana Ros-Lehtinen",62,"F","Republican","rep","FL",2286,13755,57018,1424
"RosaDeLauro","D000216","Rosa DeLauro",71,"F","Democrat","rep","CT",1522,2881,12328,1641
"RoyBlunt","B000575","Roy Blunt",64,"M","Republican","sen","MO",1962,4077,31554,6763
"SamsPressShop","J000174","Sam Johnson",83,"M","Republican","rep","TX",1243,401,3080,419
"SanfordBishop","B000490","Sanford Bishop",67,"M","Democrat","rep","GA",1242,894,6263,620
"SaxbyChambliss","C000286","Saxby Chambliss",70,"M","Republican","sen","GA",830,795,11208,197
"SenAlexander","A000360","Lamar Alexander",74,"M","Republican","sen","TN",1746,1089,22581,393
"SenAngusKing","K000383","Angus King",70,"M","Independent","sen","ME",544,926,7581,307
"SenBennetCo","B001267","Michael Bennet",49,"M","Democrat","sen","CO",1305,853,17999,59
"SenBillNelson","N000032","Bill Nelson",71,"M","Democrat","sen","FL",1970,486,36999,100
"SenBlumenthal","B001277","Richard Blumenthal",68,"M","Democrat","sen","CT",1186,2833,19310,634
"SenBobCasey","C001070","Robert Casey",54,"M","Democrat","sen","PA",1439,1369,20104,310
"SenBobCorker","C001071","Bob Corker",61,"M","Republican","sen","TN",1758,1755,30323,435
"SenBookerOfc","B001288","Cory Booker",45,"M","Democrat","sen","NJ",247,412,1378,54
"SenBrianSchatz","S001194","Brian Schatz",41,"M","Democrat","sen","HI",480,193,3151,1352
"SenCarlLevin","L000261","Carl Levin",80,"M","Democrat","sen","MI",1677,660,18999,2
"SenCoonsOffice","C001088","Chris Coons",50,"M","Democrat","sen","DE",935,1965,2835,111
"SenDanCoats","C000542","Daniel Coats",71,"M","Republican","sen","IN",1338,2346,17295,587
"SenDeanHeller","H001041","Dean Heller",54,"M","Republican","sen","NV",1209,2482,12970,4229
"SenDonnelly","D000607","Joe Donnelly",58,"M","Democrat","sen","IN",1327,1409,12541,262
"SenFeinstein","F000062","Dianne Feinstein",81,"F","Democrat","sen","CA",890,1238,36103,127
"SenJackReed","R000122","John Reed",64,"M","Democrat","sen","RI",878,2064,10830,11
"SenJeffMerkley","M001176","Jeff Merkley",57,"M","Democrat","sen","OR",1916,1566,29048,127
"SenJohnBarrasso","B001261","John Barrasso",61,"M","Republican","sen","WY",1361,1904,16118,427
"SenJohnHoeven","H001061","John Hoeven",57,"M","Republican","sen","ND",1009,621,8552,397
"SenJohnMcCain","M000303","John McCain",77,"M","Republican","sen","AZ",1989,6882,1891639,319
"SenJohnThune","T000250","John Thune",53,"M","Republican","sen","SD",1152,1522,27236,303
"SenJohnsonSD","J000177","Tim Johnson",67,"M","Democrat","sen","SD",1254,1277,11311,52
"SenKaineOffice","K000384","Timothy Kaine",56,"M","Democrat","sen","VA",478,359,2397,122
"SenLandrieu","L000550","Mary Landrieu",58,"F","Democrat","sen","LA",963,1946,16130,239
"SenMarkPryor","P000590","Mark Pryor",51,"M","Democrat","sen","AR",946,1644,13710,281
"SenMikeLee","L000577","Mike Lee",43,"M","Republican","sen","UT",1699,2798,136365,2321
"SenOrrinHatch","H000338","Orrin Hatch",80,"M","Republican","sen","UT",1215,1634,10635,30
"SenPatRoberts","R000307","Pat Roberts",78,"M","Republican","sen","KS",1751,997,13380,675
"SenRandPaul","P000603","Rand Paul",51,"M","Republican","sen","KY",1326,2323,453214,325
"SenRockefeller","R000361","John Rockefeller",77,"M","Democrat","sen","WV",1195,3190,16587,645
"SenRonJohnson","J000293","Ron Johnson",59,"M","Republican","sen","WI",1278,1050,23760,86
"SenRubioPress","R000595","Marco Rubio",43,"M","Republican","sen","FL",1290,1625,15986,97
"SenSanders","S000033","Bernard Sanders",72,"M","Independent","sen","VT",1915,9804,219700,1505
"SenShelby","S000320","Richard Shelby",80,"M","Republican","sen","AL",1964,203,15354,143
"SenSherrodBrown","B000944","Sherrod Brown",61,"M","Democrat","sen","OH",1860,1310,40155,42
"SenTedCruz","C001098","Ted Cruz",43,"M","Republican","sen","TX",542,2660,325583,7788
"SenThadCochran","C000567","Thad Cochran",76,"M","Republican","sen","MS",810,847,11740,467
"SenToomey","T000461","Patrick Toomey",52,"M","Republican","sen","PA",1314,2464,30414,771
"SenWalshOffice","W000818","John Walsh",53,"M","Democrat","sen","MT",129,145,749,362
"SenWarren","W000817","Elizabeth Warren",65,"F","Democrat","sen","MA",587,265,82944,241
"SenWhitehouse","W000802","Sheldon Whitehouse",58,"M","Democrat","sen","RI",1257,1660,18041,1379
"Sen_JoeManchin","M001183","Joe Manchin",66,"M","Democrat","sen","WV",1277,2128,23387,614
"SenatorBaldwin","B001230","Tammy Baldwin",52,"F","Democrat","sen","WI",542,2023,9704,540
"SenatorBarb","M000702","Barbara Mikulski",78,"F","Democrat","sen","MD",1545,3069,30106,8
"SenatorBegich","B001265","Mark Begich",52,"M","Democrat","sen","AK",1719,2585,18893,491
"SenatorBoxer","B000711","Barbara Boxer",73,"F","Democrat","sen","CA",2181,1444,47902,104
"SenatorBurr","B001135","Richard Burr",58,"M","Republican","sen","NC",1963,1409,27600,3371
"SenatorCardin","C000141","Benjamin Cardin",70,"M","Democrat","sen","MD",1620,3504,24406,220
"SenatorCarper","C000174","Thomas Carper",67,"M","Democrat","sen","DE",1242,3019,12178,487
"SenatorCollins","C001035","Susan Collins",61,"F","Republican","sen","ME",1983,1108,31330,807
"SenatorDurbin","D000563","Richard Durbin",69,"M","Democrat","sen","IL",1247,2989,45633,1581
"SenatorEnzi","E000285","Michael Enzi",70,"M","Republican","sen","WY",1160,1133,8946,471
"SenatorFischer","F000463","Deb Fischer",63,"F","Republican","sen","NE",543,902,8017,115
"SenatorHagan","H001049","Kay Hagan",61,"F","Democrat","sen","NC",1755,2671,25456,187
"SenatorHarkin","H000206","Thomas Harkin",74,"M","Democrat","sen","IA",1597,2332,20643,170
"SenatorHeitkamp","H001069","Heidi Heitkamp",58,"F","Democrat","sen","ND",547,2243,8816,330
"SenatorIsakson","I000055","John Isakson",69,"M","Republican","sen","GA",1740,556,16308,375
"SenatorKirk","K000360","Mark Kirk",54,"M","Republican","sen","IL",1340,3218,28938,1761
"SenatorLeahy","L000174","Patrick Leahy",74,"M","Democrat","sen","VT",1257,3398,22869,59
"SenatorMenendez","M000639","Robert Menéndez",60,"M","Democrat","sen","NJ",2006,3512,40742,571
"SenatorReid","R000146","Harry Reid",74,"M","Democrat","sen","NV",2089,2733,214942,153
"SenatorRisch","R000584","James Risch",71,"M","Republican","sen","ID",535,239,6608,33
"SenatorSessions","S001141","Jefferson Sessions",67,"M","Republican","sen","AL",1844,1552,31685,103
"SenatorShaheen","S001181","Jeanne Shaheen",67,"F","Democrat","sen","NH",1619,2809,18004,5638
"SenatorTimScott","S001184","Tim Scott",48,"M","Republican","sen","SC",1324,2158,63340,2163
"SenatorTomUdall","U000039","Tom Udall",66,"M","Democrat","sen","NM",1803,1668,15949,5
"SenatorWicker","W000437","Roger Wicker",63,"M","Republican","sen","MS",1212,1409,13064,282
"SpeakerBoehner","B000589","John Boehner",64,"M","Republican","rep","OH",2537,14555,658075,9960
"StabenowPress","S000770","Debbie Stabenow",64,"F","Democrat","sen","MI",473,0,25,0
"SteveDaines","D000618","Steve Daines",51,"M","Republican","rep","MT",2379,939,2999,455
"SteveKingIA","K000362","Steve King",65,"M","Republican","rep","IA",1844,887,21189,66
"SteveScalise","S001176","Steve Scalise",48,"M","Republican","rep","LA",498,1429,5424,3244
"SteveWorks4You","S000937","Steve Stockman",57,"M","Republican","rep","TX",547,8671,16869,1447
"SusanWBrooks","B001284","Susan Brooks",53,"F","Republican","rep","IN",542,620,3710,261
"TGowdySC","G000566","Trey Gowdy",49,"M","Republican","rep","SC",1270,1053,91748,365
"TXRandy14","W000814","Randy Weber",61,"M","Republican","rep","TX",548,939,2853,229
"TesterPress","T000464","Jon Tester",57,"M","Democrat","sen","MT",NA,NA,NA,NA
"TiberiPress","T000462","Patrick Tiberi",51,"M","Republican","rep","OH",614,1124,1423,449
"TimBishopNY","B001242","Timothy Bishop",64,"M","Democrat","rep","NY",1487,1333,5399,2318
"ToddRokita","R000592","Todd Rokita",44,"M","Republican","rep","IN",2052,4110,9668,3338
"TomCoburn","C000560","Thomas Coburn",66,"M","Republican","sen","OK",2025,1283,77875,420
"TomColeOK04","C001053","Tom Cole",65,"M","Republican","rep","OK",1947,404,5904,79
"TomLatham","L000111","Tom Latham",66,"M","Republican","rep","IA",2430,1235,10346,1226
"TomRooney","R000583","Thomas Rooney",43,"M","Republican","rep","FL",1941,2562,13006,4128
"TulsiPress","G000571","Tulsi Gabbard",33,"F","Democrat","rep","HI",546,730,4850,572
"USRepDavidJolly","J000296","David Jolly",41,"M","Republican","rep","FL",59,117,203,42
"USRepKCastor","C001066","Kathy Castor",47,"F","Democrat","rep","FL",290,248,691,237
"USRepKeating","K000375","William Keating",61,"M","Democrat","rep","MA",1281,669,4484,586
"USRepLong","L000576","Billy Long",58,"M","Republican","rep","MO",411,1203,1461,549
"USRepMikeDoyle","D000482","Michael Doyle",60,"M","Democrat","rep","PA",1881,426,6806,33
"USRepRHinojosa","H000636","Rubén Hinojosa",73,"M","Democrat","rep","TX",1264,1204,5846,436
"USRepRickNolan","N000127","Richard Nolan",70,"M","Democrat","rep","MN",549,1069,3140,801
"USRepRodney","F000372","Rodney Frelinghuysen",68,"M","Republican","rep","NJ",435,178,1054,94
"VernBuchanan","B001260","Vern Buchanan",63,"M","Republican","rep","FL",1972,1639,15027,10964
"VirginiaFoxx","F000450","Virginia Foxx",71,"F","Republican","rep","NC",2122,2176,12015,1381
"WaxmanClimate","W000215","Henry Waxman",74,"M","Democrat","rep","CA",677,754,4253,310
"WhipHoyer","H000874","Steny Hoyer",75,"M","Democrat","rep","MD",1955,6197,44882,3845
"YvetteClarke","C001067","Yvette Clarke",49,"F","Democrat","rep","NY",1262,3246,8075,3649
